Date,temperature,humidity
2022-07-10 00:00,26.4,64
2022-07-10 00:15,26.3,64
2022-07-10 00:30,26.3,64
2022-07-10 00:45,26.1,65
2022-07-10 01:00,26.0,65
2022-07-10 01:15,25.9,66
2022-07-10 01:30,25.7,65
2022-07-10 01:45,25.5,67
2022-07-10 02:00,25.4,68
2022-07-10 02:15,25.2,69
2022-07-10 02:30,25.1,69
2022-07-10 02:45,25.0,70
2022-07-10 03:00,25.0,70
2022-07-10 03:15,24.9,71
2022-07-10 03:30,24.8,71
2022-07-10 03:45,24.9,71
2022-07-10 04:00,27.4,46
2022-07-10 04:15,28.7,42
2022-07-10 04:30,29.3,41
2022-07-10 04:45,29.6,41
2022-07-10 05:00,29.8,40
2022-07-10 05:15,30.0,40
2022-07-10 05:30,30.1,40
2022-07-10 05:45,30.2,40
2022-07-10 06:00,30.3,40
2022-07-10 06:15,30.4,40
2022-07-10 06:30,30.5,40
2022-07-10 06:45,30.6,40
2022-07-10 07:00,30.8,40
2022-07-10 07:15,31.1,41
2022-07-10 07:30,31.7,40
2022-07-10 07:45,32.1,40
2022-07-10 08:00,32.5,40
2022-07-10 08:15,32.9,39
2022-07-10 08:30,33.5,39
2022-07-10 08:45,34.1,39
2022-07-10 09:00,34.8,37
2022-07-10 09:15,35.3,35
2022-07-10 09:30,35.8,34
2022-07-10 09:45,36.3,34
2022-07-10 10:00,36.8,33
2022-07-10 10:15,33.4,37
2022-07-10 10:30,31.5,39
2022-07-10 10:45,30.7,41
2022-07-10 11:00,30.2,40
2022-07-10 11:15,28.6,52
2022-07-10 11:30,27.2,59
2022-07-10 11:45,26.7,61
2022-07-10 12:00,26.3,63
2022-07-10 12:15,26.0,64
2022-07-10 12:30,25.9,64
2022-07-10 12:45,25.8,65
2022-07-10 13:00,25.9,65
2022-07-10 13:15,25.8,66
2022-07-10 13:30,25.8,65
2022-07-10 13:45,25.8,66
2022-07-10 14:00,25.8,65
2022-07-10 14:15,25.8,66
2022-07-10 14:30,25.6,65
2022-07-10 14:45,25.4,66
2022-07-10 15:00,25.1,66
2022-07-10 15:15,24.9,66
2022-07-10 15:30,24.6,68
2022-07-10 15:45,24.4,70
2022-07-10 16:00,24.3,71
2022-07-10 16:15,29.5,52
2022-07-10 16:30,32.5,45
2022-07-10 16:45,31.1,59
2022-07-10 17:00,30.4,62
2022-07-10 17:15,30.2,64
2022-07-10 17:30,30.1,65
2022-07-10 17:45,30.0,67
2022-07-10 18:00,29.9,66
2022-07-10 18:15,29.8,67
2022-07-10 18:30,29.7,68
2022-07-10 18:45,29.6,68
2022-07-10 19:00,29.6,68
2022-07-10 19:15,29.5,69
2022-07-10 19:30,29.4,70
2022-07-10 19:45,29.3,71
2022-07-10 20:00,31.7,51
2022-07-10 20:15,33.1,47
2022-07-10 20:30,33.6,45
2022-07-10 20:45,33.7,45
2022-07-10 21:00,33.9,44
2022-07-10 21:15,33.9,44
2022-07-10 21:30,33.9,44
2022-07-10 21:45,33.8,44
2022-07-10 22:00,33.8,44
2022-07-10 22:15,33.7,44
2022-07-10 22:30,33.6,44
2022-07-10 22:45,33.6,44
2022-07-10 23:00,33.5,45
2022-07-10 23:15,33.4,45
2022-07-10 23:30,33.3,45
2022-07-10 23:45,33.1,45
2022-07-11 00:00,32.9,45
2022-07-11 00:15,32.7,46
2022-07-11 00:30,32.6,46
2022-07-11 00:45,32.5,46
2022-07-11 01:00,32.3,46
2022-07-11 01:15,32.2,46
2022-07-11 01:30,32.2,46
2022-07-11 01:45,32.1,46
2022-07-11 02:00,32.0,47
2022-07-11 02:15,31.9,47
2022-07-11 02:30,31.8,47
2022-07-11 02:45,31.8,47
2022-07-11 03:00,31.8,46
2022-07-11 03:15,31.8,47
2022-07-11 03:30,31.7,46
2022-07-11 03:45,31.6,47
2022-07-11 04:00,31.6,47
2022-07-11 04:15,31.6,47
2022-07-11 04:30,31.5,46
2022-07-11 04:45,31.4,46
2022-07-11 05:00,31.3,45
2022-07-11 05:15,31.1,45
2022-07-11 05:30,31.0,45
2022-07-11 05:45,31.0,45
2022-07-11 06:00,30.9,45
2022-07-11 06:15,30.9,45
2022-07-11 06:30,30.8,45
2022-07-11 06:45,30.8,45
2022-07-11 07:00,30.9,45
2022-07-11 07:15,31.1,45
2022-07-11 07:30,31.5,45
2022-07-11 07:45,32.2,45
2022-07-11 08:00,32.8,45
2022-07-11 08:15,33.4,44
2022-07-11 08:30,34.0,43
2022-07-11 08:45,34.4,42
2022-07-11 09:00,34.8,42
2022-07-11 09:15,35.3,41
2022-07-11 09:30,35.8,40
2022-07-11 09:45,36.1,39
2022-07-11 10:00,34.6,37
2022-07-11 10:15,32.2,43
2022-07-11 10:30,31.1,46
2022-07-11 10:45,30.6,46
2022-07-11 11:00,30.3,46
2022-07-11 11:15,30.3,47
2022-07-11 11:30,30.3,48
2022-07-11 11:45,30.4,48
2022-07-11 12:00,30.4,48
2022-07-11 12:15,30.5,48
2022-07-11 12:30,30.7,47
2022-07-11 12:45,30.7,46
2022-07-11 13:00,30.8,46
2022-07-11 13:15,30.8,46
2022-07-11 13:30,30.9,47
2022-07-11 13:45,30.9,47
2022-07-11 14:00,30.9,47
2022-07-11 14:15,30.8,47
2022-07-11 14:30,30.7,47
2022-07-11 14:45,30.5,47
2022-07-11 15:00,30.2,48
2022-07-11 15:15,29.9,49
2022-07-11 15:30,29.6,49
2022-07-11 15:45,29.3,49
2022-07-11 16:00,29.1,50
2022-07-11 16:15,32.1,47
2022-07-11 16:30,34.3,43
2022-07-11 16:45,35.4,42
2022-07-11 17:00,35.8,41
2022-07-11 17:15,36.1,40
2022-07-11 17:30,36.1,40
2022-07-11 17:45,36.1,41
2022-07-11 18:00,36.2,41
2022-07-11 18:15,36.3,42
2022-07-11 18:30,36.3,42
2022-07-11 18:45,36.2,42
2022-07-11 19:00,36.1,42
2022-07-11 19:15,36.0,42
2022-07-11 19:30,36.0,42
2022-07-11 19:45,35.8,42
2022-07-11 20:00,35.7,42
2022-07-11 20:15,35.6,43
2022-07-11 20:30,35.5,43
2022-07-11 20:45,35.0,44
2022-07-11 21:00,35.0,44
2022-07-11 21:15,35.0,45
2022-07-11 21:30,34.8,45
2022-07-11 21:45,34.6,45
2022-07-11 22:00,34.5,45
2022-07-11 22:15,34.3,46
2022-07-11 22:30,34.3,46
2022-07-11 22:45,34.2,47
2022-07-11 23:00,34.2,47
2022-07-11 23:15,34.0,47
2022-07-11 23:30,34.0,47
2022-07-11 23:45,33.9,47
2022-07-12 00:00,33.8,47
2022-07-12 00:15,33.7,47
2022-07-12 00:30,33.6,47
2022-07-12 00:45,33.5,47
2022-07-12 01:00,33.4,47
2022-07-12 01:15,33.4,47
2022-07-12 01:30,33.3,47
2022-07-12 01:45,33.3,47
2022-07-12 02:00,33.2,47
2022-07-12 02:15,33.1,47
2022-07-12 02:30,33.1,47
2022-07-12 02:45,33.1,47
2022-07-12 03:00,33.1,47
2022-07-12 03:15,33.1,47
2022-07-12 03:30,33.0,47
2022-07-12 03:45,33.0,47
2022-07-12 04:00,33.1,47
2022-07-12 04:15,33.1,47
2022-07-12 04:30,33.0,47
2022-07-12 04:45,33.1,47
2022-07-12 05:00,33.1,47
2022-07-12 05:15,33.1,47
2022-07-12 05:30,33.0,46
2022-07-12 05:45,33.0,46
2022-07-12 06:00,33.0,46
2022-07-12 06:15,33.0,46
2022-07-12 06:30,32.9,46
2022-07-12 06:45,32.9,47
2022-07-12 07:00,33.0,47
2022-07-12 07:15,33.2,47
2022-07-12 07:30,33.5,47
2022-07-12 07:45,34.0,47
2022-07-12 08:00,34.6,46
2022-07-12 08:15,35.1,46
2022-07-12 08:30,35.6,46
2022-07-12 08:45,36.1,45
2022-07-12 09:00,36.7,44
2022-07-12 09:15,37.1,42
2022-07-12 09:30,37.5,40
2022-07-12 09:45,37.9,39
2022-07-12 10:00,38.2,38
2022-07-12 10:15,34.6,36
2022-07-12 10:30,32.8,43
2022-07-12 10:45,32.1,45
2022-07-12 11:00,31.7,46
2022-07-12 11:15,31.5,45
2022-07-12 11:30,31.4,45
2022-07-12 11:45,31.3,45
2022-07-12 12:00,31.3,45
2022-07-12 12:15,31.4,45
2022-07-12 12:30,31.5,44
2022-07-12 12:45,31.5,44
2022-07-12 13:00,31.5,44
2022-07-12 13:15,31.4,43
2022-07-12 13:30,31.4,44
2022-07-12 13:45,31.4,43
2022-07-12 14:00,31.4,43
2022-07-12 14:15,31.4,43
2022-07-12 14:30,31.3,43
2022-07-12 14:45,31.2,43
2022-07-12 15:00,31.0,44
2022-07-12 15:15,30.8,43
2022-07-12 15:30,30.3,48
2022-07-12 15:45,29.9,49
2022-07-12 16:00,29.8,51
2022-07-12 16:15,33.2,48
2022-07-12 16:30,35.2,45
2022-07-12 16:45,36.1,44
2022-07-12 17:00,36.5,43
2022-07-12 17:15,36.8,43
2022-07-12 17:30,36.8,43
2022-07-12 17:45,36.7,42
2022-07-12 18:00,36.7,41
2022-07-12 18:15,36.5,42
2022-07-12 18:30,36.3,42
2022-07-12 18:45,36.2,42
2022-07-12 19:00,36.0,42
2022-07-12 19:15,35.8,42
2022-07-12 19:30,35.3,43
2022-07-12 19:45,35.5,43
2022-07-12 20:00,35.5,43
2022-07-12 20:15,35.3,43
2022-07-12 20:30,35.2,44
2022-07-12 20:45,35.1,45
2022-07-12 21:00,35.0,45
2022-07-12 21:15,34.9,46
2022-07-12 21:30,34.7,46
2022-07-12 21:45,34.6,46
2022-07-12 22:00,34.3,47
2022-07-12 22:15,34.2,48
2022-07-12 22:30,34.2,48
2022-07-12 22:45,34.0,48
2022-07-12 23:00,33.8,48
2022-07-12 23:15,33.7,49
2022-07-12 23:30,32.5,51
2022-07-12 23:45,33.2,50
2022-07-13 00:00,33.2,50
2022-07-13 00:15,33.2,50
2022-07-13 00:30,33.1,50
2022-07-13 00:45,33.1,50
2022-07-13 01:00,33.0,50
2022-07-13 01:15,32.9,51
2022-07-13 01:30,32.8,51
2022-07-13 01:45,32.5,51
2022-07-13 02:00,32.8,51
2022-07-13 02:15,32.8,51
2022-07-13 02:30,32.7,50
2022-07-13 02:45,32.7,50
2022-07-13 03:00,32.5,50
2022-07-13 03:15,32.4,49
2022-07-13 03:30,32.3,49
2022-07-13 03:45,32.3,49
2022-07-13 04:00,32.2,49
2022-07-13 04:15,32.1,49
2022-07-13 04:30,32.1,48
2022-07-13 04:45,32.1,48
2022-07-13 05:00,32.0,47
2022-07-13 05:15,31.9,46
2022-07-13 05:30,31.7,46
2022-07-13 05:45,31.7,46
2022-07-13 06:00,31.7,46
2022-07-13 06:15,31.7,46
2022-07-13 06:30,31.8,47
2022-07-13 06:45,31.8,47
2022-07-13 07:00,32.0,48
2022-07-13 07:15,32.2,48
2022-07-13 07:30,32.6,48
2022-07-13 07:45,33.1,49
2022-07-13 08:00,33.5,48
2022-07-13 08:15,33.9,48
2022-07-13 08:30,34.3,47
2022-07-13 08:45,34.8,46
2022-07-13 09:00,35.2,45
2022-07-13 09:15,35.7,45
2022-07-13 09:30,36.0,44
2022-07-13 09:45,36.4,43
2022-07-13 10:00,36.6,42
2022-07-13 10:15,33.1,43
2022-07-13 10:30,31.3,46
2022-07-13 10:45,30.5,49
2022-07-13 11:00,30.2,49
2022-07-13 11:15,30.0,50
2022-07-13 11:30,30.0,50
2022-07-13 11:45,30.1,51
2022-07-13 12:00,30.2,50
2022-07-13 12:15,30.3,50
2022-07-13 12:30,30.4,49
2022-07-13 12:45,30.5,49
2022-07-13 13:00,30.6,49
2022-07-13 13:15,30.6,48
2022-07-13 13:30,30.5,47
2022-07-13 13:45,30.4,48
2022-07-13 14:00,30.4,47
2022-07-13 14:15,30.3,46
2022-07-13 14:30,30.2,46
2022-07-13 14:45,29.9,46
2022-07-13 15:00,29.8,47
2022-07-13 15:15,29.5,48
2022-07-13 15:30,29.3,49
2022-07-13 15:45,29.1,50
2022-07-13 16:00,29.1,51
2022-07-13 16:15,32.6,48
2022-07-13 16:30,34.5,44
2022-07-13 16:45,35.3,43
2022-07-13 17:00,35.8,41
2022-07-13 17:15,36.0,41
2022-07-13 17:30,36.1,40
2022-07-13 17:45,36.1,41
2022-07-13 18:00,36.1,41
2022-07-13 18:15,36.1,41
2022-07-13 18:30,36.1,40
2022-07-13 18:45,36.0,41
2022-07-13 19:00,36.0,41
2022-07-13 19:15,35.8,41
2022-07-13 19:30,35.8,41
2022-07-13 19:45,35.6,41
2022-07-13 20:00,35.6,41
2022-07-13 20:15,35.7,41
2022-07-13 20:30,35.4,42
2022-07-13 20:45,35.2,42
2022-07-13 21:00,35.0,43
2022-07-13 21:15,34.8,43
2022-07-13 21:30,34.7,43
2022-07-13 21:45,34.5,43
2022-07-13 22:00,34.3,44
2022-07-13 22:15,34.2,44
2022-07-13 22:30,34.0,44
2022-07-13 22:45,34.0,45
2022-07-13 23:00,33.8,44
2022-07-13 23:15,33.7,45
2022-07-13 23:30,33.6,45
2022-07-13 23:45,33.5,45
2022-07-14 00:00,33.3,45
2022-07-14 00:15,33.3,46
2022-07-14 00:30,33.4,46
2022-07-14 00:45,33.2,46
2022-07-14 01:00,33.1,45
2022-07-14 01:15,33.1,46
2022-07-14 01:30,33.1,46
2022-07-14 01:45,33.1,46
2022-07-14 02:00,33.1,45
2022-07-14 02:15,33.0,45
2022-07-14 02:30,32.9,44
2022-07-14 02:45,32.8,44
2022-07-14 03:00,32.7,44
2022-07-14 03:15,32.6,43
2022-07-14 03:30,32.4,43
2022-07-14 03:45,32.4,43
2022-07-14 04:00,32.3,43
2022-07-14 04:15,32.3,43
2022-07-14 04:30,32.3,43
2022-07-14 04:45,32.4,43
2022-07-14 05:00,32.3,42
2022-07-14 05:15,32.2,41
2022-07-14 05:30,32.1,41
2022-07-14 05:45,32.0,40
2022-07-14 06:00,31.8,40
2022-07-14 06:15,31.7,41
2022-07-14 06:30,31.7,41
2022-07-14 06:45,31.6,41
2022-07-14 07:00,31.7,41
2022-07-14 07:15,31.8,41
2022-07-14 07:30,32.1,41
2022-07-14 07:45,32.6,41
2022-07-14 08:00,33.2,41
2022-07-14 08:15,33.7,41
2022-07-14 08:30,34.3,40
2022-07-14 08:45,35.0,40
2022-07-14 09:00,35.6,39
2022-07-14 09:15,36.2,38
2022-07-14 09:30,36.7,37
2022-07-14 09:45,37.2,37
2022-07-14 10:00,37.5,35
2022-07-14 10:15,33.9,40
2022-07-14 10:30,32.1,43
2022-07-14 10:45,31.3,45
2022-07-14 11:00,31.0,46
2022-07-14 11:15,31.0,47
2022-07-14 11:30,31.0,47
2022-07-14 11:45,31.0,46
2022-07-14 12:00,31.0,46
2022-07-14 12:15,31.1,46
2022-07-14 12:30,31.2,45
2022-07-14 12:45,31.2,46
2022-07-14 13:00,31.2,46
2022-07-14 13:15,31.2,46
2022-07-14 13:30,31.1,46
2022-07-14 13:45,31.1,47
2022-07-14 14:00,31.1,47
2022-07-14 14:15,31.2,47
2022-07-14 14:30,31.1,47
2022-07-14 14:45,31.0,48
2022-07-14 15:00,30.8,48
2022-07-14 15:15,30.6,48
2022-07-14 15:30,30.3,49
2022-07-14 15:45,30.0,49
2022-07-14 16:00,30.0,50
2022-07-14 16:15,33.6,47
2022-07-14 16:30,35.2,41
2022-07-14 16:45,33.2,50
2022-07-14 17:00,35.5,46
2022-07-14 17:15,35.6,41
2022-07-14 17:30,32.4,52
2022-07-14 17:45,35.1,48
2022-07-14 18:00,36.2,46
2022-07-14 18:15,36.3,46
2022-07-14 18:30,36.3,46
2022-07-14 18:45,36.3,46
2022-07-14 19:00,36.1,47
2022-07-14 19:15,36.0,47
2022-07-14 19:30,35.9,47
2022-07-14 19:45,35.8,47
2022-07-14 20:00,35.8,47
2022-07-14 20:15,35.5,48
2022-07-14 20:30,35.2,48
2022-07-14 20:45,35.1,49
2022-07-14 21:00,34.9,49
2022-07-14 21:15,34.7,49
2022-07-14 21:30,34.5,50
2022-07-14 21:45,34.4,50
2022-07-14 22:00,34.2,51
2022-07-14 22:15,34.1,51
2022-07-14 22:30,32.6,54
2022-07-14 22:45,33.6,52
2022-07-14 23:00,33.6,52
2022-07-14 23:15,33.5,52
2022-07-14 23:30,33.5,52
2022-07-14 23:45,33.3,52
2022-07-15 00:00,33.2,52
2022-07-15 00:15,33.1,52
2022-07-15 00:30,33.0,53
2022-07-15 00:45,32.9,53
2022-07-15 01:00,32.8,53
2022-07-15 01:15,32.8,53
2022-07-15 01:30,32.7,53
2022-07-15 01:45,32.6,53
2022-07-15 02:00,32.6,53
2022-07-15 02:15,32.6,53
2022-07-15 02:30,32.6,53
2022-07-15 02:45,32.6,53
2022-07-15 03:00,32.6,53
2022-07-15 03:15,32.6,53
2022-07-15 03:30,32.7,53
2022-07-15 03:45,32.7,53
2022-07-15 04:00,32.7,53
2022-07-15 04:15,32.7,53
2022-07-15 04:30,32.7,53
2022-07-15 04:45,32.7,52
2022-07-15 05:00,32.7,53
2022-07-15 05:15,32.7,52
2022-07-15 05:30,32.6,52
2022-07-15 05:45,32.7,52
2022-07-15 06:00,32.7,52
2022-07-15 06:15,32.7,53
2022-07-15 06:30,32.8,52
2022-07-15 06:45,32.8,52
2022-07-15 07:00,32.8,52
2022-07-15 07:15,33.0,52
2022-07-15 07:30,33.3,52
2022-07-15 07:45,33.7,52
2022-07-15 08:00,34.2,52
2022-07-15 08:15,34.6,51
2022-07-15 08:30,35.1,51
2022-07-15 08:45,35.6,50
2022-07-15 09:00,36.1,50
2022-07-15 09:15,36.6,48
2022-07-15 09:30,37.0,47
2022-07-15 09:45,37.3,47
2022-07-15 10:00,37.6,46
2022-07-15 10:15,34.3,50
2022-07-15 10:30,32.8,53
2022-07-15 10:45,32.1,55
2022-07-15 11:00,31.8,55
2022-07-15 11:15,31.8,56
2022-07-15 11:30,31.8,56
2022-07-15 11:45,31.9,56
2022-07-15 12:00,31.8,56
2022-07-15 12:15,31.9,57
2022-07-15 12:30,32.0,56
2022-07-15 12:45,32.1,55
2022-07-15 13:00,32.0,55
2022-07-15 13:15,32.0,54
2022-07-15 13:30,31.8,54
2022-07-15 13:45,31.7,54
2022-07-15 14:00,31.7,53
2022-07-15 14:15,31.6,53
2022-07-15 14:30,31.6,53
2022-07-15 14:45,31.5,52
2022-07-15 15:00,31.2,52
2022-07-15 15:15,31.0,53
2022-07-15 15:30,30.8,53
2022-07-15 15:45,30.6,53
2022-07-15 16:00,30.5,54
2022-07-15 16:15,33.9,51
2022-07-15 16:30,35.2,48
2022-07-15 16:45,36.4,45
2022-07-15 17:00,36.8,43
2022-07-15 17:15,37.2,42
2022-07-15 17:30,37.3,41
2022-07-15 17:45,37.3,41
2022-07-15 18:00,37.2,40
2022-07-15 18:15,37.2,41
2022-07-15 18:30,37.2,41
2022-07-15 18:45,37.2,42
2022-07-15 19:00,37.2,42
2022-07-15 19:15,37.2,42
2022-07-15 19:30,37.2,43
2022-07-15 19:45,37.2,43
2022-07-15 20:00,37.1,43
2022-07-15 20:15,37.1,44
2022-07-15 20:30,36.9,43
2022-07-15 20:45,36.7,44
2022-07-15 21:00,36.7,44
2022-07-15 21:15,36.1,45
2022-07-15 21:30,36.3,45
2022-07-15 21:45,36.2,45
2022-07-15 22:00,36.1,45
2022-07-15 22:15,36.0,46
2022-07-15 22:30,36.0,46
2022-07-15 22:45,35.9,46
2022-07-15 23:00,35.8,46
2022-07-15 23:15,35.7,46
2022-07-15 23:30,35.5,46
2022-07-15 23:45,35.5,46
2022-07-16 00:00,35.3,46
2022-07-16 00:15,35.1,45
2022-07-16 00:30,35.0,45
2022-07-16 00:45,34.8,45
2022-07-16 01:00,34.8,45
2022-07-16 01:15,34.7,45
2022-07-16 01:30,34.7,45
2022-07-16 01:45,34.7,45
2022-07-16 02:00,34.7,45
2022-07-16 02:15,34.7,45
2022-07-16 02:30,34.7,45
2022-07-16 02:45,34.6,45
2022-07-16 03:00,34.6,45
2022-07-16 03:15,34.5,45
2022-07-16 03:30,34.5,45
2022-07-16 03:45,34.5,45
2022-07-16 04:00,34.5,45
2022-07-16 04:15,34.4,44
2022-07-16 04:30,34.3,44
2022-07-16 04:45,34.2,44
2022-07-16 05:00,34.1,44
2022-07-16 05:15,34.1,44
2022-07-16 05:30,34.0,44
2022-07-16 05:45,33.9,44
2022-07-16 06:00,33.8,44
2022-07-16 06:15,33.6,44
2022-07-16 06:30,33.6,43
2022-07-16 06:45,33.5,42
2022-07-16 07:00,33.4,42
2022-07-16 07:15,33.6,43
2022-07-16 07:30,33.9,43
2022-07-16 07:45,34.5,43
2022-07-16 08:00,35.0,42
2022-07-16 08:15,35.5,42
2022-07-16 08:30,36.0,42
2022-07-16 08:45,36.6,42
2022-07-16 09:00,37.2,42
2022-07-16 09:15,37.7,41
2022-07-16 09:30,38.5,41
2022-07-16 09:45,39.0,40
2022-07-16 10:00,39.3,38
2022-07-16 10:15,35.5,44
2022-07-16 10:30,33.6,47
2022-07-16 10:45,32.8,49
2022-07-16 11:00,32.4,50
2022-07-16 11:15,32.3,51
2022-07-16 11:30,32.4,51
2022-07-16 11:45,32.5,51
2022-07-16 12:00,32.5,49
2022-07-16 12:15,32.6,49
2022-07-16 12:30,32.7,49
2022-07-16 12:45,32.8,48
2022-07-16 13:00,33.0,48
2022-07-16 13:15,33.1,48
2022-07-16 13:30,33.3,47
2022-07-16 13:45,33.3,46
2022-07-16 14:00,33.4,46
2022-07-16 14:15,33.5,47
2022-07-16 14:30,33.5,47
2022-07-16 14:45,33.4,48
2022-07-16 15:00,33.2,48
2022-07-16 15:15,32.8,49
2022-07-16 15:30,32.5,49
2022-07-16 15:45,32.2,49
2022-07-16 16:00,31.9,48
2022-07-16 16:15,34.8,45
2022-07-16 16:30,36.3,43
2022-07-16 16:45,36.7,42
2022-07-16 17:00,37.3,40
2022-07-16 17:15,37.8,39
2022-07-16 17:30,38.0,38
2022-07-16 17:45,38.0,38
2022-07-16 18:00,37.4,43
2022-07-16 18:15,34.5,50
2022-07-16 18:30,33.3,54
2022-07-16 18:45,32.7,56
2022-07-16 19:00,32.5,58
2022-07-16 19:15,32.1,59
2022-07-16 19:30,31.9,60
2022-07-16 19:45,31.6,62
2022-07-16 20:00,31.5,62
2022-07-16 20:15,31.3,63
2022-07-16 20:30,31.1,64
2022-07-16 20:45,32.0,61
2022-07-16 21:00,32.5,60
2022-07-16 21:15,32.7,60
2022-07-16 21:30,32.8,60
2022-07-16 21:45,32.8,60
2022-07-16 22:00,32.8,60
2022-07-16 22:15,32.7,60
2022-07-16 22:30,32.8,58
2022-07-16 22:45,34.3,54
2022-07-16 23:00,35.0,51
2022-07-16 23:15,35.2,49
2022-07-16 23:30,35.2,48
2022-07-16 23:45,35.2,47
2022-07-17 00:00,35.1,46
2022-07-17 00:15,35.0,46
2022-07-17 00:30,34.9,45
2022-07-17 00:45,34.7,44
2022-07-17 01:00,34.7,44
2022-07-17 01:15,34.5,43
2022-07-17 01:30,34.4,43
2022-07-17 01:45,34.3,43
2022-07-17 02:00,34.3,43
2022-07-17 02:15,34.2,43
2022-07-17 02:30,34.2,43
2022-07-17 02:45,34.2,43
2022-07-17 03:00,34.1,43
2022-07-17 03:15,34.1,44
2022-07-17 03:30,34.1,44
2022-07-17 03:45,34.1,44
2022-07-17 04:00,34.2,44
2022-07-17 04:15,34.2,44
2022-07-17 04:30,34.1,44
2022-07-17 04:45,34.1,44
2022-07-17 05:00,34.0,44
2022-07-17 05:15,33.9,43
2022-07-17 05:30,33.8,43
2022-07-17 05:45,33.6,42
2022-07-17 06:00,33.5,42
2022-07-17 06:15,33.3,41
2022-07-17 06:30,33.0,41
2022-07-17 06:45,32.9,41
2022-07-17 07:00,32.8,41
2022-07-17 07:15,32.9,41
2022-07-17 07:30,33.1,41
2022-07-17 07:45,33.5,42
2022-07-17 08:00,34.0,42
2022-07-17 08:15,34.6,42
2022-07-17 08:30,35.3,42
2022-07-17 08:45,35.9,42
2022-07-17 09:00,36.5,41
2022-07-17 09:15,37.0,40
2022-07-17 09:30,37.5,39
2022-07-17 09:45,38.0,39
2022-07-17 10:00,38.0,36
2022-07-17 10:15,35.8,39
2022-07-17 10:30,34.5,42
2022-07-17 10:45,33.8,43
2022-07-17 11:00,33.5,43
2022-07-17 11:15,33.4,42
2022-07-17 11:30,33.5,43
2022-07-17 11:45,33.6,44
2022-07-17 12:00,33.8,44
2022-07-17 12:15,34.0,43
2022-07-17 12:30,34.2,42
2022-07-17 12:45,34.3,42
2022-07-17 13:00,34.3,42
2022-07-17 13:15,34.3,42
2022-07-17 13:30,34.3,41
2022-07-17 13:45,34.3,40
2022-07-17 14:00,34.3,39
2022-07-17 14:15,34.3,39
2022-07-17 14:30,34.3,39
2022-07-17 14:45,34.1,40
2022-07-17 15:00,33.8,41
2022-07-17 15:15,33.5,41
2022-07-17 15:30,33.3,42
2022-07-17 15:45,33.0,42
2022-07-17 16:00,32.8,42
2022-07-17 16:15,36.1,37
2022-07-17 16:30,36.9,39
2022-07-17 16:45,38.7,36
2022-07-17 17:00,36.8,51
2022-07-17 17:15,35.4,56
2022-07-17 17:30,35.0,58
2022-07-17 17:45,34.6,58
2022-07-17 18:00,34.2,60
2022-07-17 18:15,34.0,61
2022-07-17 18:30,33.8,62
2022-07-17 18:45,33.7,62
2022-07-17 19:00,33.4,62
2022-07-17 19:15,33.2,63
2022-07-17 19:30,33.0,63
2022-07-17 19:45,32.7,54
2022-07-17 20:00,34.2,53
2022-07-17 20:15,34.5,52
2022-07-17 20:30,34.4,53
2022-07-17 20:45,34.3,54
2022-07-17 21:00,34.2,54
2022-07-17 21:15,34.0,55
2022-07-17 21:30,33.9,56
2022-07-17 21:45,33.8,57
2022-07-17 22:00,33.6,58
2022-07-17 22:15,33.4,59
2022-07-17 22:30,33.3,60
2022-07-17 22:45,33.1,59
2022-07-17 23:00,32.7,59
2022-07-17 23:15,32.5,59
2022-07-17 23:30,32.4,54
2022-07-17 23:45,32.8,52
2022-07-18 00:00,32.8,51
2022-07-18 00:15,32.8,50
2022-07-18 00:30,32.8,50
2022-07-18 00:45,32.7,50
2022-07-18 01:00,32.7,50
2022-07-18 01:15,32.7,50
2022-07-18 01:30,32.7,50
2022-07-18 01:45,32.6,50
2022-07-18 02:00,32.6,50
2022-07-18 02:15,32.6,50
2022-07-18 02:30,32.6,49
2022-07-18 02:45,32.5,50
2022-07-18 03:00,32.5,50
2022-07-18 03:15,32.6,51
2022-07-18 03:30,32.8,51
2022-07-18 03:45,32.8,51
2022-07-18 04:00,32.8,51
2022-07-18 04:15,32.8,51
2022-07-18 04:30,32.8,51
2022-07-18 04:45,32.7,51
2022-07-18 05:00,32.7,51
2022-07-18 05:15,32.7,50
2022-07-18 05:30,32.6,50
2022-07-18 05:45,32.6,50
2022-07-18 06:00,32.5,49
2022-07-18 06:15,32.4,49
2022-07-18 06:30,32.4,49
2022-07-18 06:45,32.4,49
2022-07-18 07:00,32.5,49
2022-07-18 07:15,32.6,49
2022-07-18 07:30,33.1,49
2022-07-18 07:45,34.0,45
2022-07-18 08:00,35.0,44
2022-07-18 08:15,35.8,43
2022-07-18 08:30,36.7,42
2022-07-18 08:45,37.3,41
2022-07-18 09:00,38.0,40
2022-07-18 09:15,38.6,40
2022-07-18 09:30,39.2,39
2022-07-18 09:45,39.7,38
2022-07-18 10:00,40.2,37
2022-07-18 10:15,37.0,39
2022-07-18 10:30,35.3,41
2022-07-18 10:45,34.2,42
2022-07-18 11:00,33.8,43
2022-07-18 11:15,33.6,44
2022-07-18 11:30,33.5,43
2022-07-18 11:45,33.6,42
2022-07-18 12:00,33.4,43
2022-07-18 12:15,33.3,48
2022-07-18 12:30,31.3,59
2022-07-18 12:45,30.6,63
2022-07-18 13:00,30.0,65
2022-07-18 13:15,29.7,67
2022-07-18 13:30,29.5,67
2022-07-18 13:45,29.4,67
2022-07-18 14:00,29.3,68
2022-07-18 14:15,29.2,69
2022-07-18 14:30,29.6,65
2022-07-18 14:45,29.6,66
2022-07-18 15:00,29.3,66
2022-07-18 15:15,28.6,69
2022-07-18 15:30,28.9,55
2022-07-18 15:45,30.1,64
2022-07-18 16:00,29.1,67
2022-07-18 16:15,32.9,59
2022-07-18 16:30,35.3,53
2022-07-18 16:45,36.4,51
2022-07-18 17:00,37.1,49
2022-07-18 17:15,37.4,48
2022-07-18 17:30,37.6,49
2022-07-18 17:45,37.7,49
2022-07-18 18:00,37.8,50
2022-07-18 18:15,37.9,50
2022-07-18 18:30,37.9,49
2022-07-18 18:45,37.9,50
2022-07-18 19:00,38.0,49
2022-07-18 19:15,38.0,49
2022-07-18 19:30,38.1,49
2022-07-18 19:45,38.1,49
2022-07-18 20:00,38.0,49
2022-07-18 20:15,38.0,50
2022-07-18 20:30,37.8,53
2022-07-18 20:45,37.7,53
2022-07-18 21:00,37.8,52
2022-07-18 21:15,37.6,52
2022-07-18 21:30,37.6,52
2022-07-18 21:45,37.5,52
2022-07-18 22:00,37.4,52
2022-07-18 22:15,37.3,53
2022-07-18 22:30,37.2,53
2022-07-18 22:45,37.1,54
2022-07-18 23:00,37.0,51
2022-07-18 23:15,36.5,55
2022-07-18 23:30,36.8,55
2022-07-18 23:45,36.7,54
2022-07-19 00:00,36.7,53
2022-07-19 00:15,36.6,52
2022-07-19 00:30,36.5,52
2022-07-19 00:45,36.5,52
2022-07-19 01:00,36.5,51
2022-07-19 01:15,36.4,51
2022-07-19 01:30,36.4,51
2022-07-19 01:45,36.3,51
2022-07-19 02:00,36.3,51
2022-07-19 02:15,36.1,52
2022-07-19 02:30,36.1,52
2022-07-19 02:45,36.1,52
2022-07-19 03:00,36.1,52
2022-07-19 03:15,36.0,53
2022-07-19 03:30,35.9,53
2022-07-19 03:45,36.1,53
2022-07-19 04:00,36.3,52
2022-07-19 04:15,36.3,52
2022-07-19 04:30,36.3,53
2022-07-19 04:45,36.3,53
2022-07-19 05:00,36.1,54
2022-07-19 05:15,36.2,54
2022-07-19 05:30,36.3,53
2022-07-19 05:45,36.4,53
2022-07-19 06:00,36.6,52
2022-07-19 06:15,36.6,53
2022-07-19 06:30,36.6,53
2022-07-19 06:45,36.6,53
2022-07-19 07:00,36.7,53
2022-07-19 07:15,37.0,54
2022-07-19 07:30,37.3,53
2022-07-19 07:45,38.0,53
2022-07-19 08:00,38.6,53
2022-07-19 08:15,39.1,53
2022-07-19 08:30,39.5,54
2022-07-19 08:45,40.1,54
2022-07-19 09:00,40.6,54
2022-07-19 09:15,41.1,54
2022-07-19 09:30,41.6,54
2022-07-19 09:45,41.8,57
2022-07-19 10:00,41.9,57
2022-07-19 10:15,37.3,66
2022-07-19 10:30,35.2,67
2022-07-19 10:45,33.9,62
2022-07-19 11:00,33.5,57
2022-07-19 11:15,34.3,53
2022-07-19 11:30,34.8,49
2022-07-19 11:45,34.9,48
2022-07-19 12:00,34.3,55
2022-07-19 12:15,32.9,65
2022-07-19 12:30,32.5,67
2022-07-19 12:45,32.2,68
2022-07-19 13:00,32.0,68
2022-07-19 13:15,31.9,70
2022-07-19 13:30,32.0,68
2022-07-19 13:45,31.9,67
2022-07-19 14:00,31.5,71
2022-07-19 14:15,31.3,70
2022-07-19 14:30,31.4,68
2022-07-19 14:45,31.4,69
2022-07-19 15:00,31.2,70
2022-07-19 15:15,31.1,71
2022-07-19 15:30,30.7,73
2022-07-19 15:45,30.4,74
2022-07-19 16:00,30.4,73
2022-07-19 16:15,34.0,73
2022-07-19 16:30,35.8,51
2022-07-19 16:45,37.3,58
2022-07-19 17:00,38.3,57
2022-07-19 17:15,38.9,56
2022-07-19 17:30,39.3,56
2022-07-19 17:45,39.4,56
2022-07-19 18:00,39.3,55
2022-07-19 18:15,39.5,56
2022-07-19 18:30,39.6,57
2022-07-19 18:45,39.5,57
2022-07-19 19:00,39.5,57
2022-07-19 19:15,39.5,58
2022-07-19 19:30,39.4,58
2022-07-19 19:45,39.4,59
2022-07-19 20:00,39.4,60
2022-07-19 20:15,39.0,44
2022-07-19 20:30,34.7,50
2022-07-19 20:45,36.3,61
2022-07-19 21:00,37.8,61
2022-07-19 21:15,38.3,60
2022-07-19 21:30,38.5,60
2022-07-19 21:45,38.6,60
2022-07-19 22:00,38.5,61
2022-07-19 22:15,38.5,62
2022-07-19 22:30,38.4,62
2022-07-19 22:45,38.3,62
2022-07-19 23:00,36.4,56
2022-07-19 23:15,37.3,62
2022-07-19 23:30,37.7,62
2022-07-19 23:45,37.9,62
